record_id,serial_no,file_name,source_code,source_class,title,composer,original_instrumentation,rendered_instrumentation,license_label,source_rights_identified,duration,duration_seconds,rendered_source_count,rendered_duration,n_string_parts,string_stem_duration,dataset_url,metadata_sheet_url,score_input_relation,pair_class,human_performance_claim,printable_full_score_claim,access,audio_binary_mirrored
ensembleset-001-aef258138c57,1,03-anitrasdance,MTP_MID,Mutopia source MIDI,Anitra's Dance (Tanz) from Peer Gynt Suite I,E. Grieg,"V1, V2, Va1, Va2, Vc1, Vc2, CB, Triangle","V1, V2, Va, Vc, CB",Public,True,0:01:44,104,5,2:53:20,5,0:08:40,https://zenodo.org/records/7327175,https://docs.google.com/spreadsheets/d/1Trq9DVDYXseofa9iEYtMiAcrNBP6WoNBND4H3BrzUyo,Original input is MIDI or MusicXML as identified by source_code; dataset audio and included articulation MIDI are rendered/derived from that symbolic source,symbolic_chamber_ensemble_score_midi_synthetic_multitrack_audio,False,source dependent; source symbolic score exists but this metadata does not independently verify an engraved conductor score,restricted for multitracks+MIDI version; academic pledge/access request required,False
ensembleset-002-74b4c7a4ec3c,2,aasesdeath,MTP_MID,Mutopia source MIDI,Aase's Death from Peer Gynt Suite I,E. Grieg,"V1, V2, Va, Vc, CB",all,Public,True,0:03:36,216,5,6:00:00,5,0:18:00,https://zenodo.org/records/7327175,https://docs.google.com/spreadsheets/d/1Trq9DVDYXseofa9iEYtMiAcrNBP6WoNBND4H3BrzUyo,Original input is MIDI or MusicXML as identified by source_code; dataset audio and included articulation MIDI are rendered/derived from that symbolic source,symbolic_chamber_ensemble_score_midi_synthetic_multitrack_audio,False,source dependent; source symbolic score exists but this metadata does not independently verify an engraved conductor score,restricted for multitracks+MIDI version; academic pledge/access request required,False
ensembleset-003-f6d241b06d04,3,AgitatoDaFiereTempeste,MTP_MID,Mutopia source MIDI,"Agitato da fiere tempeste , Aria from Riccardo primo",G. F. Handel,"Ob1/Ob2/V1, V2, Va, CB","V1,V2,Va",CCA-SA-3.0,True,0:02:48,168,3,2:48:00,3,0:08:24,https://zenodo.org/records/7327175,https://docs.google.com/spreadsheets/d/1Trq9DVDYXseofa9iEYtMiAcrNBP6WoNBND4H3BrzUyo,Original input is MIDI or MusicXML as identified by source_code; dataset audio and included articulation MIDI are rendered/derived from that symbolic source,symbolic_chamber_ensemble_score_midi_synthetic_multitrack_audio,False,source dependent; source symbolic score exists but this metadata does not independently verify an engraved conductor score,restricted for multitracks+MIDI version; academic pledge/access request required,False
ensembleset-004-95252cb13959,4,AllegroAssai,MTP_MID,Mutopia source MIDI,Sinfonia,Friedrich II of Prussia,"Ob1, Ob2, FH1, FH2, V1, V2, Va, CB",all,CCA-SA-3.0,True,0:03:32,212,8,9:25:20,4,0:14:08,https://zenodo.org/records/7327175,https://docs.google.com/spreadsheets/d/1Trq9DVDYXseofa9iEYtMiAcrNBP6WoNBND4H3BrzUyo,Original input is MIDI or MusicXML as identified by source_code; dataset audio and included articulation MIDI are rendered/derived from that symbolic source,symbolic_chamber_ensemble_score_midi_synthetic_multitrack_audio,False,source dependent; source symbolic score exists but this metadata does not independently verify an engraved conductor score,restricted for multitracks+MIDI version; academic pledge/access request required,False
ensembleset-005-7c628c5405af,5,AlTardarDellaVendetta,MTP_XML,Mutopia source MusicXML,"Al tardar della vendetta , Aria from Deidamia",G. F. Handel,"V1, V2, Va, Vc",all,CCA-SA-3.0,True,0:03:16,196,4,4:21:20,4,0:13:04,https://zenodo.org/records/7327175,https://docs.google.com/spreadsheets/d/1Trq9DVDYXseofa9iEYtMiAcrNBP6WoNBND4H3BrzUyo,Original input is MIDI or MusicXML as identified by source_code; dataset audio and included articulation MIDI are rendered/derived from that symbolic source,symbolic_chamber_ensemble_score_midi_synthetic_multitrack_audio,False,source dependent; source symbolic score exists but this metadata does not independently verify an engraved conductor score,restricted for multitracks+MIDI version; academic pledge/access request required,False
ensembleset-006-77aa42aa2f49,6,autumn,MTP_MID,Mutopia source MIDI,Autumno / Autumn,A. Vivaldi ,"VLead, V1, V2, Va, Vc, Organ/CB","V1, V2, Va, Vc",CCA-SA-3.0,True,0:03:50,230,4,5:06:40,4,0:15:20,https://zenodo.org/records/7327175,https://docs.google.com/spreadsheets/d/1Trq9DVDYXseofa9iEYtMiAcrNBP6WoNBND4H3BrzUyo,Original input is MIDI or MusicXML as identified by source_code; dataset audio and included articulation MIDI are rendered/derived from that symbolic source,symbolic_chamber_ensemble_score_midi_synthetic_multitrack_audio,False,source dependent; source symbolic score exists but this metadata does not independently verify an engraved conductor score,restricted for multitracks+MIDI version; academic pledge/access request required,False
ensembleset-007-bb588ecbdb97,7,BelPiacer,MTP_MID,Mutopia source MIDI,"Bel piacer, Aria from Semiramide riconosciuta",N. Porpora,"V1, V2, Va, CB","V1, V2, Va",CCA-SA-3.0,True,0:03:50,230,3,3:50:00,3,0:11:30,https://zenodo.org/records/7327175,https://docs.google.com/spreadsheets/d/1Trq9DVDYXseofa9iEYtMiAcrNBP6WoNBND4H3BrzUyo,Original input is MIDI or MusicXML as identified by source_code; dataset audio and included articulation MIDI are rendered/derived from that symbolic source,symbolic_chamber_ensemble_score_midi_synthetic_multitrack_audio,False,source dependent; source symbolic score exists but this metadata does not independently verify an engraved conductor score,restricted for multitracks+MIDI version; academic pledge/access request required,False
ensembleset-008-c59952d89149,8,Calcante_ed_Achille,MTP_MID,Mutopia source MIDI,"Calcante ed Achille, Cantata a due Voci per Soprano e Basso",N. Porpora,"V1, V2, Va, CB","V1, V2, Va",CCA-SA-3.0,True,0:01:00,60,3,1:00:00,3,0:03:00,https://zenodo.org/records/7327175,https://docs.google.com/spreadsheets/d/1Trq9DVDYXseofa9iEYtMiAcrNBP6WoNBND4H3BrzUyo,Original input is MIDI or MusicXML as identified by source_code; dataset audio and included articulation MIDI are rendered/derived from that symbolic source,symbolic_chamber_ensemble_score_midi_synthetic_multitrack_audio,False,source dependent; source symbolic score exists but this metadata does not independently verify an engraved conductor score,restricted for multitracks+MIDI version; academic pledge/access request required,False
ensembleset-009-5366af2c3170,9,CaraSposa,MTP_XML,Mutopia source MusicXML,"Cara sposa, amanta cara , Aria from Rinaldo",G. F. Handel,"V1, V2, Va, Vc",all,CCA-SA-3.0,True,0:04:54,294,4,6:32:00,4,0:19:36,https://zenodo.org/records/7327175,https://docs.google.com/spreadsheets/d/1Trq9DVDYXseofa9iEYtMiAcrNBP6WoNBND4H3BrzUyo,Original input is MIDI or MusicXML as identified by source_code; dataset audio and included articulation MIDI are rendered/derived from that symbolic source,symbolic_chamber_ensemble_score_midi_synthetic_multitrack_audio,False,source dependent; source symbolic score exists but this metadata does not independently verify an engraved conductor score,restricted for multitracks+MIDI version; academic pledge/access request required,False
ensembleset-010-8d8d6542f416,10,concerto-in-d-minor,MTP_MID,Mutopia source MIDI,Concerto in D minor for two violins and strings, J. S. Bach,"V1, V2, V3, V4, Va, Vc",all,Public,True,0:03:31,211,6,7:02:00,6,0:21:06,https://zenodo.org/records/7327175,https://docs.google.com/spreadsheets/d/1Trq9DVDYXseofa9iEYtMiAcrNBP6WoNBND4H3BrzUyo,Original input is MIDI or MusicXML as identified by source_code; dataset audio and included articulation MIDI are rendered/derived from that symbolic source,symbolic_chamber_ensemble_score_midi_synthetic_multitrack_audio,False,source dependent; source symbolic score exists but this metadata does not independently verify an engraved conductor score,restricted for multitracks+MIDI version; academic pledge/access request required,False
ensembleset-011-236648cf22d5,11,concerto-in-e-major,MTP_MID,Mutopia source MIDI,Concerto in E major for violin and strings, J. S. Bach,"V1, V2, V3, Va, Vc",all,Public,True,0:06:20,380,5,10:33:20,5,0:31:40,https://zenodo.org/records/7327175,https://docs.google.com/spreadsheets/d/1Trq9DVDYXseofa9iEYtMiAcrNBP6WoNBND4H3BrzUyo,Original input is MIDI or MusicXML as identified by source_code; dataset audio and included articulation MIDI are rendered/derived from that symbolic source,symbolic_chamber_ensemble_score_midi_synthetic_multitrack_audio,False,source dependent; source symbolic score exists but this metadata does not independently verify an engraved conductor score,restricted for multitracks+MIDI version; academic pledge/access request required,False
ensembleset-012-899f364ef658,12,contrapunctusII,MTP_XML,Mutopia source MusicXML,"Die Kunst der Fuge, Contrapunctus II",J. S. Bach ,"V1, V2, Va, CB",all,Public,True,0:03:04,184,4,4:05:20,4,0:12:16,https://zenodo.org/records/7327175,https://docs.google.com/spreadsheets/d/1Trq9DVDYXseofa9iEYtMiAcrNBP6WoNBND4H3BrzUyo,Original input is MIDI or MusicXML as identified by source_code; dataset audio and included articulation MIDI are rendered/derived from that symbolic source,symbolic_chamber_ensemble_score_midi_synthetic_multitrack_audio,False,source dependent; source symbolic score exists but this metadata does not independently verify an engraved conductor score,restricted for multitracks+MIDI version; academic pledge/access request required,False
ensembleset-013-b6950db820c9,13,contrapunctusIII,MTP_XML,Mutopia source MusicXML,"Die Kunst der Fuge, Contrapunctus III",J. S. Bach ,"V1, V2, Va, CB",all,Public,True,0:02:36,156,4,3:28:00,4,0:10:24,https://zenodo.org/records/7327175,https://docs.google.com/spreadsheets/d/1Trq9DVDYXseofa9iEYtMiAcrNBP6WoNBND4H3BrzUyo,Original input is MIDI or MusicXML as identified by source_code; dataset audio and included articulation MIDI are rendered/derived from that symbolic source,symbolic_chamber_ensemble_score_midi_synthetic_multitrack_audio,False,source dependent; source symbolic score exists but this metadata does not independently verify an engraved conductor score,restricted for multitracks+MIDI version; academic pledge/access request required,False
ensembleset-014-f3b6d5172724,14,contrapunctusIV,MTP_XML,Mutopia source MusicXML,"Die Kunst der Fuge, Contrapunctus IV",J. S. Bach ,"V1, V2, Va, CB",all,Public,True,0:04:46,286,4,6:21:20,4,0:19:04,https://zenodo.org/records/7327175,https://docs.google.com/spreadsheets/d/1Trq9DVDYXseofa9iEYtMiAcrNBP6WoNBND4H3BrzUyo,Original input is MIDI or MusicXML as identified by source_code; dataset audio and included articulation MIDI are rendered/derived from that symbolic source,symbolic_chamber_ensemble_score_midi_synthetic_multitrack_audio,False,source dependent; source symbolic score exists but this metadata does not independently verify an engraved conductor score,restricted for multitracks+MIDI version; academic pledge/access request required,False
ensembleset-015-11617ccbf1a5,15,contrapunctusIX,MTP_XML,Mutopia source MusicXML,"Die Kunst der Fuge, Contrapunctus IX",J. S. Bach ,"V1, V2, Va, CB",all,Public,True,0:04:40,280,4,6:13:20,4,0:18:40,https://zenodo.org/records/7327175,https://docs.google.com/spreadsheets/d/1Trq9DVDYXseofa9iEYtMiAcrNBP6WoNBND4H3BrzUyo,Original input is MIDI or MusicXML as identified by source_code; dataset audio and included articulation MIDI are rendered/derived from that symbolic source,symbolic_chamber_ensemble_score_midi_synthetic_multitrack_audio,False,source dependent; source symbolic score exists but this metadata does not independently verify an engraved conductor score,restricted for multitracks+MIDI version; academic pledge/access request required,False
ensembleset-016-32ecf7ca2274,16,contrapunctusV,MTP_MID,Mutopia source MIDI,"Die Kunst der Fuge, Contrapunctus V",J. S. Bach ,"V1, V2, Va, CB",all,Public,True,0:03:12,192,4,4:16:00,4,0:12:48,https://zenodo.org/records/7327175,https://docs.google.com/spreadsheets/d/1Trq9DVDYXseofa9iEYtMiAcrNBP6WoNBND4H3BrzUyo,Original input is MIDI or MusicXML as identified by source_code; dataset audio and included articulation MIDI are rendered/derived from that symbolic source,symbolic_chamber_ensemble_score_midi_synthetic_multitrack_audio,False,source dependent; source symbolic score exists but this metadata does not independently verify an engraved conductor score,restricted for multitracks+MIDI version; academic pledge/access request required,False
ensembleset-017-49863b915eed,17,contrapunctusVI,MTP_MID,Mutopia source MIDI,"Die Kunst der Fuge, Contrapunctus VI",J. S. Bach ,"V1, V2, Va, CB",all,Public,True,0:02:55,175,4,3:53:20,4,0:11:40,https://zenodo.org/records/7327175,https://docs.google.com/spreadsheets/d/1Trq9DVDYXseofa9iEYtMiAcrNBP6WoNBND4H3BrzUyo,Original input is MIDI or MusicXML as identified by source_code; dataset audio and included articulation MIDI are rendered/derived from that symbolic source,symbolic_chamber_ensemble_score_midi_synthetic_multitrack_audio,False,source dependent; source symbolic score exists but this metadata does not independently verify an engraved conductor score,restricted for multitracks+MIDI version; academic pledge/access request required,False
ensembleset-018-c3768ae72117,18,contrapunctusVII,MTP_XML,Mutopia source MusicXML,"Die Kunst der Fuge, Contrapunctus VII",J. S. Bach ,"V1, V2, Va, CB",all,Public,True,0:02:14,134,4,2:58:40,4,0:08:56,https://zenodo.org/records/7327175,https://docs.google.com/spreadsheets/d/1Trq9DVDYXseofa9iEYtMiAcrNBP6WoNBND4H3BrzUyo,Original input is MIDI or MusicXML as identified by source_code; dataset audio and included articulation MIDI are rendered/derived from that symbolic source,symbolic_chamber_ensemble_score_midi_synthetic_multitrack_audio,False,source dependent; source symbolic score exists but this metadata does not independently verify an engraved conductor score,restricted for multitracks+MIDI version; academic pledge/access request required,False
ensembleset-019-e6280856f115,19,contrapunctusVIII,MTP_XML,Mutopia source MusicXML,"Die Kunst der Fuge, Contrapunctus VIII",J. S. Bach ,"V1, Va, CB",all,Public,True,0:06:25,385,4,8:33:20,4,0:25:40,https://zenodo.org/records/7327175,https://docs.google.com/spreadsheets/d/1Trq9DVDYXseofa9iEYtMiAcrNBP6WoNBND4H3BrzUyo,Original input is MIDI or MusicXML as identified by source_code; dataset audio and included articulation MIDI are rendered/derived from that symbolic source,symbolic_chamber_ensemble_score_midi_synthetic_multitrack_audio,False,source dependent; source symbolic score exists but this metadata does not independently verify an engraved conductor score,restricted for multitracks+MIDI version; academic pledge/access request required,False
ensembleset-020-22680cf6fecb,20,contrapunctusX,MTP_XML,Mutopia source MusicXML,"Die Kunst der Fuge, Contrapunctus X",J. S. Bach ,"V1, V2, Va, CB",all,Public,True,0:04:26,266,4,5:54:40,4,0:17:44,https://zenodo.org/records/7327175,https://docs.google.com/spreadsheets/d/1Trq9DVDYXseofa9iEYtMiAcrNBP6WoNBND4H3BrzUyo,Original input is MIDI or MusicXML as identified by source_code; dataset audio and included articulation MIDI are rendered/derived from that symbolic source,symbolic_chamber_ensemble_score_midi_synthetic_multitrack_audio,False,source dependent; source symbolic score exists but this metadata does not independently verify an engraved conductor score,restricted for multitracks+MIDI version; academic pledge/access request required,False
ensembleset-021-231ef6fcb27e,21,CorriVolaATuoiTrofei,MTP_XML,Mutopia source MusicXML,"Corri, vola, a' tuoi trofei , Aria from Giustino",G. F. Handel,"Ob1/V1, Ob2/V2, Va, Vc","V1, V2, Va, Vc",CCA-SA-3.0,True,0:02:12,132,4,2:56:00,4,0:08:48,https://zenodo.org/records/7327175,https://docs.google.com/spreadsheets/d/1Trq9DVDYXseofa9iEYtMiAcrNBP6WoNBND4H3BrzUyo,Original input is MIDI or MusicXML as identified by source_code; dataset audio and included articulation MIDI are rendered/derived from that symbolic source,symbolic_chamber_ensemble_score_midi_synthetic_multitrack_audio,False,source dependent; source symbolic score exists but this metadata does not independently verify an engraved conductor score,restricted for multitracks+MIDI version; academic pledge/access request required,False
ensembleset-022-0d9cd6454ffb,22,DelDestin,MTP_XML,Mutopia source MusicXML,"Del destin non vi lagnate, Aria from L'Olimpiade",A. Vivaldi,"V, Va, Vc",all,CCA-SA-3.0,True,0:02:38,158,3,2:38:00,3,0:07:54,https://zenodo.org/records/7327175,https://docs.google.com/spreadsheets/d/1Trq9DVDYXseofa9iEYtMiAcrNBP6WoNBND4H3BrzUyo,Original input is MIDI or MusicXML as identified by source_code; dataset audio and included articulation MIDI are rendered/derived from that symbolic source,symbolic_chamber_ensemble_score_midi_synthetic_multitrack_audio,False,source dependent; source symbolic score exists but this metadata does not independently verify an engraved conductor score,restricted for multitracks+MIDI version; academic pledge/access request required,False
ensembleset-023-89b34cd270c5,23,DellAlmaSuperba,MTP_XML,Mutopia source MusicXML,"Quell'alma superba, Aria from Serenata a tre",A. Vivaldi,"Bsn/V1, V2","Bsn, Vc",CCA-SA-3.0,True,0:03:12,192,2,2:08:00,1,0:03:12,https://zenodo.org/records/7327175,https://docs.google.com/spreadsheets/d/1Trq9DVDYXseofa9iEYtMiAcrNBP6WoNBND4H3BrzUyo,Original input is MIDI or MusicXML as identified by source_code; dataset audio and included articulation MIDI are rendered/derived from that symbolic source,symbolic_chamber_ensemble_score_midi_synthetic_multitrack_audio,False,source dependent; source symbolic score exists but this metadata does not independently verify an engraved conductor score,restricted for multitracks+MIDI version; academic pledge/access request required,False
ensembleset-024-e2abbfd7db1c,24,eine-kleine-nachtmusik-mvt1,MTP_MID,Mutopia source MIDI,Eine kleine Nachtmusik (1st movement),W. A. Mozart,"V1, V2, Va, Vc",all,Public,True,0:05:20,320,4,7:06:40,4,0:21:20,https://zenodo.org/records/7327175,https://docs.google.com/spreadsheets/d/1Trq9DVDYXseofa9iEYtMiAcrNBP6WoNBND4H3BrzUyo,Original input is MIDI or MusicXML as identified by source_code; dataset audio and included articulation MIDI are rendered/derived from that symbolic source,symbolic_chamber_ensemble_score_midi_synthetic_multitrack_audio,False,source dependent; source symbolic score exists but this metadata does not independently verify an engraved conductor score,restricted for multitracks+MIDI version; academic pledge/access request required,False
ensembleset-025-8281c906b414,25,Fra_l_ombre,MTP_MID,Mutopia source MIDI,"Fra l'ombre e gl'orrori , Aria from Aci, Galatea e Polifemo",G. F. Handel ,"V1, V2, Va, CB",all,CCA-SA-3.0,True,0:02:48,168,4,3:44:00,4,0:11:12,https://zenodo.org/records/7327175,https://docs.google.com/spreadsheets/d/1Trq9DVDYXseofa9iEYtMiAcrNBP6WoNBND4H3BrzUyo,Original input is MIDI or MusicXML as identified by source_code; dataset audio and included articulation MIDI are rendered/derived from that symbolic source,symbolic_chamber_ensemble_score_midi_synthetic_multitrack_audio,False,source dependent; source symbolic score exists but this metadata does not independently verify an engraved conductor score,restricted for multitracks+MIDI version; academic pledge/access request required,False
ensembleset-026-2b3891d30dfe,26,Greci_tu_offendi,MTP_XML,Mutopia source MusicXML,"Grecia tu offendi , Aria from Deidamia",G. F. Handel,"V, Vc",all,CCA-SA-3.0,True,0:03:44,224,2,2:29:20,2,0:07:28,https://zenodo.org/records/7327175,https://docs.google.com/spreadsheets/d/1Trq9DVDYXseofa9iEYtMiAcrNBP6WoNBND4H3BrzUyo,Original input is MIDI or MusicXML as identified by source_code; dataset audio and included articulation MIDI are rendered/derived from that symbolic source,symbolic_chamber_ensemble_score_midi_synthetic_multitrack_audio,False,source dependent; source symbolic score exists but this metadata does not independently verify an engraved conductor score,restricted for multitracks+MIDI version; academic pledge/access request required,False
ensembleset-027-bc0515acbded,27,hallelujah,MTP_MID,Mutopia source MIDI,Hallelujah Chorus from Messiah,G. F. Handel ,"V1, V2, Va, Vc, Ob, Bsn, Tpt, Timpani",all,Public,True,0:03:08,188,8,8:21:20,4,0:12:32,https://zenodo.org/records/7327175,https://docs.google.com/spreadsheets/d/1Trq9DVDYXseofa9iEYtMiAcrNBP6WoNBND4H3BrzUyo,Original input is MIDI or MusicXML as identified by source_code; dataset audio and included articulation MIDI are rendered/derived from that symbolic source,symbolic_chamber_ensemble_score_midi_synthetic_multitrack_audio,False,source dependent; source symbolic score exists but this metadata does not independently verify an engraved conductor score,restricted for multitracks+MIDI version; academic pledge/access request required,False
ensembleset-028-17805306ae93,28,ImparaIngrata,MTP_XML,Mutopia source MusicXML,"Impara, ingrata , Aria from Atalanta",G. F. Handel,"V, Vc",all,CCA-SA-3.0,True,0:02:00,120,2,1:20:00,2,0:04:00,https://zenodo.org/records/7327175,https://docs.google.com/spreadsheets/d/1Trq9DVDYXseofa9iEYtMiAcrNBP6WoNBND4H3BrzUyo,Original input is MIDI or MusicXML as identified by source_code; dataset audio and included articulation MIDI are rendered/derived from that symbolic source,symbolic_chamber_ensemble_score_midi_synthetic_multitrack_audio,False,source dependent; source symbolic score exists but this metadata does not independently verify an engraved conductor score,restricted for multitracks+MIDI version; academic pledge/access request required,False
ensembleset-029-c7dab0df0713,29,IoGiaTAmai,MTP_MID,Mutopia source MIDI,"Io già t'amai , Aria from Rodelinda",G. F. Handel ,"Voice?, Va, CB","V,Va,Vc",CCA-SA-3.0,True,0:02:08,128,3,2:08:00,3,0:06:24,https://zenodo.org/records/7327175,https://docs.google.com/spreadsheets/d/1Trq9DVDYXseofa9iEYtMiAcrNBP6WoNBND4H3BrzUyo,Original input is MIDI or MusicXML as identified by source_code; dataset audio and included articulation MIDI are rendered/derived from that symbolic source,symbolic_chamber_ensemble_score_midi_synthetic_multitrack_audio,False,source dependent; source symbolic score exists but this metadata does not independently verify an engraved conductor score,restricted for multitracks+MIDI version; academic pledge/access request required,False
ensembleset-030-03a9aa1cf6e6,30,k387,MTP_MID,Mutopia source MIDI,String Quartet KV. 387 (nr. 14),W. A. Mozart,"V1, V2, Va, Vc",all,Public,True,0:05:40,340,4,7:33:20,4,0:22:40,https://zenodo.org/records/7327175,https://docs.google.com/spreadsheets/d/1Trq9DVDYXseofa9iEYtMiAcrNBP6WoNBND4H3BrzUyo,Original input is MIDI or MusicXML as identified by source_code; dataset audio and included articulation MIDI are rendered/derived from that symbolic source,symbolic_chamber_ensemble_score_midi_synthetic_multitrack_audio,False,source dependent; source symbolic score exists but this metadata does not independently verify an engraved conductor score,restricted for multitracks+MIDI version; academic pledge/access request required,False
ensembleset-031-09e4360fd301,31,k421,MTP_MID,Mutopia source MIDI,String Quartet KV. 421 (nr. 15),W. A. Mozart,"V1, V2, Va, Vc",all,Public,True,0:05:17,317,4,7:02:40,4,0:21:08,https://zenodo.org/records/7327175,https://docs.google.com/spreadsheets/d/1Trq9DVDYXseofa9iEYtMiAcrNBP6WoNBND4H3BrzUyo,Original input is MIDI or MusicXML as identified by source_code; dataset audio and included articulation MIDI are rendered/derived from that symbolic source,symbolic_chamber_ensemble_score_midi_synthetic_multitrack_audio,False,source dependent; source symbolic score exists but this metadata does not independently verify an engraved conductor score,restricted for multitracks+MIDI version; academic pledge/access request required,False
ensembleset-032-e471d228f815,32,k428,MTP_MID,Mutopia source MIDI,String Quartet KV. 428 (nr. 16),W. A. Mozart,"V1, V2, Va, Vc",all,Public,True,0:05:28,328,4,7:17:20,4,0:21:52,https://zenodo.org/records/7327175,https://docs.google.com/spreadsheets/d/1Trq9DVDYXseofa9iEYtMiAcrNBP6WoNBND4H3BrzUyo,Original input is MIDI or MusicXML as identified by source_code; dataset audio and included articulation MIDI are rendered/derived from that symbolic source,symbolic_chamber_ensemble_score_midi_synthetic_multitrack_audio,False,source dependent; source symbolic score exists but this metadata does not independently verify an engraved conductor score,restricted for multitracks+MIDI version; academic pledge/access request required,False
ensembleset-033-2941943e17bf,33,k458,MTP_MID,Mutopia source MIDI,"String Quartet KV. 458 (nr. 17) ""Hunt""",W. A. Mozart,"V1, V2, Va, Vc",all,Public,True,0:06:02,362,4,8:02:40,4,0:24:08,https://zenodo.org/records/7327175,https://docs.google.com/spreadsheets/d/1Trq9DVDYXseofa9iEYtMiAcrNBP6WoNBND4H3BrzUyo,Original input is MIDI or MusicXML as identified by source_code; dataset audio and included articulation MIDI are rendered/derived from that symbolic source,symbolic_chamber_ensemble_score_midi_synthetic_multitrack_audio,False,source dependent; source symbolic score exists but this metadata does not independently verify an engraved conductor score,restricted for multitracks+MIDI version; academic pledge/access request required,False
ensembleset-034-b8e180d019e7,34,k464,MTP_MID,Mutopia source MIDI,String Quartet KV. 464 (nr. 18),W. A. Mozart,"V1, V2, Va, Vc",all,Public,True,0:05:47,347,4,7:42:40,4,0:23:08,https://zenodo.org/records/7327175,https://docs.google.com/spreadsheets/d/1Trq9DVDYXseofa9iEYtMiAcrNBP6WoNBND4H3BrzUyo,Original input is MIDI or MusicXML as identified by source_code; dataset audio and included articulation MIDI are rendered/derived from that symbolic source,symbolic_chamber_ensemble_score_midi_synthetic_multitrack_audio,False,source dependent; source symbolic score exists but this metadata does not independently verify an engraved conductor score,restricted for multitracks+MIDI version; academic pledge/access request required,False
ensembleset-035-9dbdd5634b7c,35,k465,MTP_MID,Mutopia source MIDI,"String Quartet KV. 465 (nr. 19) ""Dissonances""",W. A. Mozart,"V1, V2, Va, Vc",all,Public,True,0:24:03,1443,4,32:04:00,4,1:36:12,https://zenodo.org/records/7327175,https://docs.google.com/spreadsheets/d/1Trq9DVDYXseofa9iEYtMiAcrNBP6WoNBND4H3BrzUyo,Original input is MIDI or MusicXML as identified by source_code; dataset audio and included articulation MIDI are rendered/derived from that symbolic source,symbolic_chamber_ensemble_score_midi_synthetic_multitrack_audio,False,source dependent; source symbolic score exists but this metadata does not independently verify an engraved conductor score,restricted for multitracks+MIDI version; academic pledge/access request required,False
ensembleset-036-2dedb7210960,36,LaGloriaSola,MTP_XML,Mutopia source MusicXML,"La gloria sola , Aria from Admeto",G. F. Handel,"V1/V2/Ob1/Ob2, V3, CB","V1, V2, Vc",CCA-SA-3.0,True,0:02:24,144,3,2:24:00,3,0:07:12,https://zenodo.org/records/7327175,https://docs.google.com/spreadsheets/d/1Trq9DVDYXseofa9iEYtMiAcrNBP6WoNBND4H3BrzUyo,Original input is MIDI or MusicXML as identified by source_code; dataset audio and included articulation MIDI are rendered/derived from that symbolic source,symbolic_chamber_ensemble_score_midi_synthetic_multitrack_audio,False,source dependent; source symbolic score exists but this metadata does not independently verify an engraved conductor score,restricted for multitracks+MIDI version; academic pledge/access request required,False
ensembleset-037-598b33111774,37,Marche,MTP_XML,Mutopia source MusicXML,Marche from Deidamia,G. F. Handel,"Tbn1/FH1, Tbn2/FH2, Timpani, V1/Ob1, V2/Ob2, Va, CB","Tpt1, Tpt2, V1, V2, Vc",CCA-SA-3.0,True,0:01:06,66,5,1:50:00,3,0:03:18,https://zenodo.org/records/7327175,https://docs.google.com/spreadsheets/d/1Trq9DVDYXseofa9iEYtMiAcrNBP6WoNBND4H3BrzUyo,Original input is MIDI or MusicXML as identified by source_code; dataset audio and included articulation MIDI are rendered/derived from that symbolic source,symbolic_chamber_ensemble_score_midi_synthetic_multitrack_audio,False,source dependent; source symbolic score exists but this metadata does not independently verify an engraved conductor score,restricted for multitracks+MIDI version; academic pledge/access request required,False
ensembleset-038-1b0bf8f6f158,38,MentreDormi,MTP_MID,Mutopia source MIDI,"Mentre dormi amor, Aria from L'Olimpiade",A. Vivaldi,"Horn, V1, V2, Va, CB","Horn, V1, V2, Va",CCA-SA-3.0,True,0:04:06,246,4,5:28:00,3,0:12:18,https://zenodo.org/records/7327175,https://docs.google.com/spreadsheets/d/1Trq9DVDYXseofa9iEYtMiAcrNBP6WoNBND4H3BrzUyo,Original input is MIDI or MusicXML as identified by source_code; dataset audio and included articulation MIDI are rendered/derived from that symbolic source,symbolic_chamber_ensemble_score_midi_synthetic_multitrack_audio,False,source dependent; source symbolic score exists but this metadata does not independently verify an engraved conductor score,restricted for multitracks+MIDI version; academic pledge/access request required,False
ensembleset-039-66ae47ba30e0,39,MiseroPargoletto,MTP_XML,Mutopia source MusicXML,"Misero pargoletto, Aria from Demofoonte",L. Leo,"V1, V2, Va, Vc",all,CCA-SA-3.0,True,0:04:19,259,4,5:45:20,4,0:17:16,https://zenodo.org/records/7327175,https://docs.google.com/spreadsheets/d/1Trq9DVDYXseofa9iEYtMiAcrNBP6WoNBND4H3BrzUyo,Original input is MIDI or MusicXML as identified by source_code; dataset audio and included articulation MIDI are rendered/derived from that symbolic source,symbolic_chamber_ensemble_score_midi_synthetic_multitrack_audio,False,source dependent; source symbolic score exists but this metadata does not independently verify an engraved conductor score,restricted for multitracks+MIDI version; academic pledge/access request required,False
ensembleset-040-a7cedaadad05,40,NelleNubiIntornoAlFato,MTP_MID,Mutopia source MIDI,"Nelle nubi intorno al Fato , Aria from Deidamia",G. F. Handel,"V1/Ob1/Ob2, V2, Va, CB","V1, V2, Va",CCA-SA-3.0,True,0:02:39,159,3,2:39:00,3,0:07:57,https://zenodo.org/records/7327175,https://docs.google.com/spreadsheets/d/1Trq9DVDYXseofa9iEYtMiAcrNBP6WoNBND4H3BrzUyo,Original input is MIDI or MusicXML as identified by source_code; dataset audio and included articulation MIDI are rendered/derived from that symbolic source,symbolic_chamber_ensemble_score_midi_synthetic_multitrack_audio,False,source dependent; source symbolic score exists but this metadata does not independently verify an engraved conductor score,restricted for multitracks+MIDI version; academic pledge/access request required,False
ensembleset-041-a8f278ab7a68,41,NonPensiQuellAltera,MTP_XML,Mutopia source MusicXML,"Non pensi quell'altera , Aria from Lotario",G. F. Handel,"V1, Va, Vc",all,CCA-SA-3.0,True,0:03:26,206,3,3:26:00,3,0:10:18,https://zenodo.org/records/7327175,https://docs.google.com/spreadsheets/d/1Trq9DVDYXseofa9iEYtMiAcrNBP6WoNBND4H3BrzUyo,Original input is MIDI or MusicXML as identified by source_code; dataset audio and included articulation MIDI are rendered/derived from that symbolic source,symbolic_chamber_ensemble_score_midi_synthetic_multitrack_audio,False,source dependent; source symbolic score exists but this metadata does not independently verify an engraved conductor score,restricted for multitracks+MIDI version; academic pledge/access request required,False
ensembleset-042-7ddbd734681c,42,op1_1,MTP_MID,Mutopia source MIDI,String Quartet in B-flat major,F. J. Haydn,"V1, V2, Va, Vc",all,CCA-SA-3.0,True,0:01:33,93,4,2:04:00,4,0:06:12,https://zenodo.org/records/7327175,https://docs.google.com/spreadsheets/d/1Trq9DVDYXseofa9iEYtMiAcrNBP6WoNBND4H3BrzUyo,Original input is MIDI or MusicXML as identified by source_code; dataset audio and included articulation MIDI are rendered/derived from that symbolic source,symbolic_chamber_ensemble_score_midi_synthetic_multitrack_audio,False,source dependent; source symbolic score exists but this metadata does not independently verify an engraved conductor score,restricted for multitracks+MIDI version; academic pledge/access request required,False
ensembleset-043-642048b2d45e,43,op1_2,MTP_MID,Mutopia source MIDI,String Quartet in E-flat major,F. J. Haydn,"V1, V2, Va, Vc",all,CCA-SA-3.0,True,0:02:08,128,4,2:50:40,4,0:08:32,https://zenodo.org/records/7327175,https://docs.google.com/spreadsheets/d/1Trq9DVDYXseofa9iEYtMiAcrNBP6WoNBND4H3BrzUyo,Original input is MIDI or MusicXML as identified by source_code; dataset audio and included articulation MIDI are rendered/derived from that symbolic source,symbolic_chamber_ensemble_score_midi_synthetic_multitrack_audio,False,source dependent; source symbolic score exists but this metadata does not independently verify an engraved conductor score,restricted for multitracks+MIDI version; academic pledge/access request required,False
ensembleset-044-64946e0e3716,44,op1_3,MTP_MID,Mutopia source MIDI,String Quartet in D major,F. J. Haydn,"V1, V2, Va, Vc",all,CCA-SA-3.0,True,0:03:46,226,4,5:01:20,4,0:15:04,https://zenodo.org/records/7327175,https://docs.google.com/spreadsheets/d/1Trq9DVDYXseofa9iEYtMiAcrNBP6WoNBND4H3BrzUyo,Original input is MIDI or MusicXML as identified by source_code; dataset audio and included articulation MIDI are rendered/derived from that symbolic source,symbolic_chamber_ensemble_score_midi_synthetic_multitrack_audio,False,source dependent; source symbolic score exists but this metadata does not independently verify an engraved conductor score,restricted for multitracks+MIDI version; academic pledge/access request required,False
ensembleset-045-d51f2162c4ed,45,op1_4,MTP_MID,Mutopia source MIDI,String Quartet in G major,F. J. Haydn,"V1, V2, Va, Vc",all,CCA-SA-3.0,True,0:01:15,75,4,1:40:00,4,0:05:00,https://zenodo.org/records/7327175,https://docs.google.com/spreadsheets/d/1Trq9DVDYXseofa9iEYtMiAcrNBP6WoNBND4H3BrzUyo,Original input is MIDI or MusicXML as identified by source_code; dataset audio and included articulation MIDI are rendered/derived from that symbolic source,symbolic_chamber_ensemble_score_midi_synthetic_multitrack_audio,False,source dependent; source symbolic score exists but this metadata does not independently verify an engraved conductor score,restricted for multitracks+MIDI version; academic pledge/access request required,False
ensembleset-046-3404ba985491,46,op76-n1,MTP_MID,Mutopia source MIDI,String Quartet in G major,F. J. Haydn,"V1, V2, Va, Vc",all,Public,True,0:05:38,338,4,7:30:40,4,0:22:32,https://zenodo.org/records/7327175,https://docs.google.com/spreadsheets/d/1Trq9DVDYXseofa9iEYtMiAcrNBP6WoNBND4H3BrzUyo,Original input is MIDI or MusicXML as identified by source_code; dataset audio and included articulation MIDI are rendered/derived from that symbolic source,symbolic_chamber_ensemble_score_midi_synthetic_multitrack_audio,False,source dependent; source symbolic score exists but this metadata does not independently verify an engraved conductor score,restricted for multitracks+MIDI version; academic pledge/access request required,False
ensembleset-047-3b216fc6b467,47,op76-n2,MTP_MID,Mutopia source MIDI,String Quartet in D minor,F. J. Haydn,"V1, V2, Va, Vc",all,Public,True,0:05:10,310,4,6:53:20,4,0:20:40,https://zenodo.org/records/7327175,https://docs.google.com/spreadsheets/d/1Trq9DVDYXseofa9iEYtMiAcrNBP6WoNBND4H3BrzUyo,Original input is MIDI or MusicXML as identified by source_code; dataset audio and included articulation MIDI are rendered/derived from that symbolic source,symbolic_chamber_ensemble_score_midi_synthetic_multitrack_audio,False,source dependent; source symbolic score exists but this metadata does not independently verify an engraved conductor score,restricted for multitracks+MIDI version; academic pledge/access request required,False
ensembleset-048-8ccf93af0c21,48,op76-n3,MTP_MID,Mutopia source MIDI,String Quartet in C major,F. J. Haydn,"V1, V2, Va, Vc",all,Public,True,0:05:04,304,4,6:45:20,4,0:20:16,https://zenodo.org/records/7327175,https://docs.google.com/spreadsheets/d/1Trq9DVDYXseofa9iEYtMiAcrNBP6WoNBND4H3BrzUyo,Original input is MIDI or MusicXML as identified by source_code; dataset audio and included articulation MIDI are rendered/derived from that symbolic source,symbolic_chamber_ensemble_score_midi_synthetic_multitrack_audio,False,source dependent; source symbolic score exists but this metadata does not independently verify an engraved conductor score,restricted for multitracks+MIDI version; academic pledge/access request required,False
ensembleset-049-26bb1c2091d5,49,op76-n4,MTP_MID,Mutopia source MIDI,String Quartet in B-flat major,F. J. Haydn,"V1, V2, Va, Vc",all,Public,True,0:06:16,376,4,8:21:20,4,0:25:04,https://zenodo.org/records/7327175,https://docs.google.com/spreadsheets/d/1Trq9DVDYXseofa9iEYtMiAcrNBP6WoNBND4H3BrzUyo,Original input is MIDI or MusicXML as identified by source_code; dataset audio and included articulation MIDI are rendered/derived from that symbolic source,symbolic_chamber_ensemble_score_midi_synthetic_multitrack_audio,False,source dependent; source symbolic score exists but this metadata does not independently verify an engraved conductor score,restricted for multitracks+MIDI version; academic pledge/access request required,False
ensembleset-050-d372d82cf838,50,op76-n5,MTP_MID,Mutopia source MIDI,String Quartet in D major,F. J. Haydn,"V1, V2, Va, Vc",all,Public,True,0:05:18,318,4,7:04:00,4,0:21:12,https://zenodo.org/records/7327175,https://docs.google.com/spreadsheets/d/1Trq9DVDYXseofa9iEYtMiAcrNBP6WoNBND4H3BrzUyo,Original input is MIDI or MusicXML as identified by source_code; dataset audio and included articulation MIDI are rendered/derived from that symbolic source,symbolic_chamber_ensemble_score_midi_synthetic_multitrack_audio,False,source dependent; source symbolic score exists but this metadata does not independently verify an engraved conductor score,restricted for multitracks+MIDI version; academic pledge/access request required,False
ensembleset-051-6a7ef634af3b,51,op76-n6,MTP_MID,Mutopia source MIDI,String Quartet in E-flat major,F. J. Haydn,"V1, V2, Va, Vc",all,Public,True,0:05:10,310,4,6:53:20,4,0:20:40,https://zenodo.org/records/7327175,https://docs.google.com/spreadsheets/d/1Trq9DVDYXseofa9iEYtMiAcrNBP6WoNBND4H3BrzUyo,Original input is MIDI or MusicXML as identified by source_code; dataset audio and included articulation MIDI are rendered/derived from that symbolic source,symbolic_chamber_ensemble_score_midi_synthetic_multitrack_audio,False,source dependent; source symbolic score exists but this metadata does not independently verify an engraved conductor score,restricted for multitracks+MIDI version; academic pledge/access request required,False
ensembleset-052-458655990244,52,Parto_ti_lascio,MTP_XML,Mutopia source MusicXML,"Parto ti lascio, Aria from Il Germanico",N. Porpora,"V1, V2, Va, Vc",all,CCA-SA-3.0,True,0:05:47,347,4,7:42:40,4,0:23:08,https://zenodo.org/records/7327175,https://docs.google.com/spreadsheets/d/1Trq9DVDYXseofa9iEYtMiAcrNBP6WoNBND4H3BrzUyo,Original input is MIDI or MusicXML as identified by source_code; dataset audio and included articulation MIDI are rendered/derived from that symbolic source,symbolic_chamber_ensemble_score_midi_synthetic_multitrack_audio,False,source dependent; source symbolic score exists but this metadata does not independently verify an engraved conductor score,restricted for multitracks+MIDI version; academic pledge/access request required,False
ensembleset-053-47948d49dcb1,53,Passacaglia,MTP_MID,Mutopia source MIDI,Passacaglia,J. S. Bach,"V1, V2, Va, Vc",all,CCA-SA-3.0,True,0:12:13,733,4,16:17:20,4,0:48:52,https://zenodo.org/records/7327175,https://docs.google.com/spreadsheets/d/1Trq9DVDYXseofa9iEYtMiAcrNBP6WoNBND4H3BrzUyo,Original input is MIDI or MusicXML as identified by source_code; dataset audio and included articulation MIDI are rendered/derived from that symbolic source,symbolic_chamber_ensemble_score_midi_synthetic_multitrack_audio,False,source dependent; source symbolic score exists but this metadata does not independently verify an engraved conductor score,restricted for multitracks+MIDI version; academic pledge/access request required,False
ensembleset-054-ff929a84e521,54,Passaggier,MTP_XML,Mutopia source MusicXML,"Passaggier che su la sponda, Aria from Semiramide riconosciuta",N. Porpora,"V1, V2, Va, Vc",all,CCA-SA-3.0,True,0:03:53,233,4,5:10:40,4,0:15:32,https://zenodo.org/records/7327175,https://docs.google.com/spreadsheets/d/1Trq9DVDYXseofa9iEYtMiAcrNBP6WoNBND4H3BrzUyo,Original input is MIDI or MusicXML as identified by source_code; dataset audio and included articulation MIDI are rendered/derived from that symbolic source,symbolic_chamber_ensemble_score_midi_synthetic_multitrack_audio,False,source dependent; source symbolic score exists but this metadata does not independently verify an engraved conductor score,restricted for multitracks+MIDI version; academic pledge/access request required,False
ensembleset-055-24e92475b8ae,55,Precipitoso_nel_mar,MTP_XML,Mutopia source MusicXML,"Precipitoso nel mar , Aria from Aci, Galatea e Polifemo",G. F. Handel,"V1, Vc",all,CCA-SA-3.0,True,0:01:40,100,2,1:06:40,2,0:03:20,https://zenodo.org/records/7327175,https://docs.google.com/spreadsheets/d/1Trq9DVDYXseofa9iEYtMiAcrNBP6WoNBND4H3BrzUyo,Original input is MIDI or MusicXML as identified by source_code; dataset audio and included articulation MIDI are rendered/derived from that symbolic source,symbolic_chamber_ensemble_score_midi_synthetic_multitrack_audio,False,source dependent; source symbolic score exists but this metadata does not independently verify an engraved conductor score,restricted for multitracks+MIDI version; academic pledge/access request required,False
ensembleset-056-6283d4f25e10,56,quart18,MTP_MID,Mutopia source MIDI,String Quartet nr. 18 in E minor,G. Donizetti,"V1, V2, Va, Vc",all,Public,True,0:12:24,744,4,16:32:00,4,0:49:36,https://zenodo.org/records/7327175,https://docs.google.com/spreadsheets/d/1Trq9DVDYXseofa9iEYtMiAcrNBP6WoNBND4H3BrzUyo,Original input is MIDI or MusicXML as identified by source_code; dataset audio and included articulation MIDI are rendered/derived from that symbolic source,symbolic_chamber_ensemble_score_midi_synthetic_multitrack_audio,False,source dependent; source symbolic score exists but this metadata does not independently verify an engraved conductor score,restricted for multitracks+MIDI version; academic pledge/access request required,False
ensembleset-057-57193ec298e3,57,Ride_il_ciel,MTP_XML,Mutopia source MusicXML,"Ride il ciel per me sereno, Aria from Siface",L. Vinci,"V1, V2, Va, Vc",all,CCA-SA-3.0,True,0:03:26,206,4,4:34:40,4,0:13:44,https://zenodo.org/records/7327175,https://docs.google.com/spreadsheets/d/1Trq9DVDYXseofa9iEYtMiAcrNBP6WoNBND4H3BrzUyo,Original input is MIDI or MusicXML as identified by source_code; dataset audio and included articulation MIDI are rendered/derived from that symbolic source,symbolic_chamber_ensemble_score_midi_synthetic_multitrack_audio,False,source dependent; source symbolic score exists but this metadata does not independently verify an engraved conductor score,restricted for multitracks+MIDI version; academic pledge/access request required,False
ensembleset-058-33cf95974a5e,58,RM-C012,RWC_MID,RWC Classical source MIDI,Ricercare à 6',"Bach, Johann Sebastian","Fl, V1, V2, Va, Vc, CB",all,RWC-NAIST-jp,True,0:06:24,384,6,12:48:00,5,0:32:00,https://zenodo.org/records/7327175,https://docs.google.com/spreadsheets/d/1Trq9DVDYXseofa9iEYtMiAcrNBP6WoNBND4H3BrzUyo,Original input is MIDI or MusicXML as identified by source_code; dataset audio and included articulation MIDI are rendered/derived from that symbolic source,symbolic_chamber_ensemble_score_midi_synthetic_multitrack_audio,False,source dependent; source symbolic score exists but this metadata does not independently verify an engraved conductor score,restricted for multitracks+MIDI version; academic pledge/access request required,False
ensembleset-059-61f6fc805b17,59,RM-C013,RWC_MID,RWC Classical source MIDI,"String Quartet no.19 in C major, K.465. 1st mvmt.","Mozart, Wolfgang Amadeus","V1, V2, Va, Vc",all,RWC-NAIST-jp,True,0:08:16,496,4,11:01:20,4,0:33:04,https://zenodo.org/records/7327175,https://docs.google.com/spreadsheets/d/1Trq9DVDYXseofa9iEYtMiAcrNBP6WoNBND4H3BrzUyo,Original input is MIDI or MusicXML as identified by source_code; dataset audio and included articulation MIDI are rendered/derived from that symbolic source,symbolic_chamber_ensemble_score_midi_synthetic_multitrack_audio,False,source dependent; source symbolic score exists but this metadata does not independently verify an engraved conductor score,restricted for multitracks+MIDI version; academic pledge/access request required,False
ensembleset-060-7a7a2a0ea613,60,RM-C014,RWC_MID,RWC Classical source MIDI,"String Quartet no.14 in C# minor, op.131. 5th mvmt.","Beethoven, Ludwig van","V1, V2, Va, Vc, Pizzicato x4",all,RWC-NAIST-jp,True,0:06:38,398,4,8:50:40,4,0:26:32,https://zenodo.org/records/7327175,https://docs.google.com/spreadsheets/d/1Trq9DVDYXseofa9iEYtMiAcrNBP6WoNBND4H3BrzUyo,Original input is MIDI or MusicXML as identified by source_code; dataset audio and included articulation MIDI are rendered/derived from that symbolic source,symbolic_chamber_ensemble_score_midi_synthetic_multitrack_audio,False,source dependent; source symbolic score exists but this metadata does not independently verify an engraved conductor score,restricted for multitracks+MIDI version; academic pledge/access request required,False
ensembleset-061-6e3664320cb5,61,RM-C015,RWC_MID,RWC Classical source MIDI,"String Quartet no.2 in D major. 3rd mvmt.","Borodin, Alexander","V1, V2, Va, Vc, Pizz",all,RWC-NAIST-jp,True,0:07:34,454,4,10:05:20,4,0:30:16,https://zenodo.org/records/7327175,https://docs.google.com/spreadsheets/d/1Trq9DVDYXseofa9iEYtMiAcrNBP6WoNBND4H3BrzUyo,Original input is MIDI or MusicXML as identified by source_code; dataset audio and included articulation MIDI are rendered/derived from that symbolic source,symbolic_chamber_ensemble_score_midi_synthetic_multitrack_audio,False,source dependent; source symbolic score exists but this metadata does not independently verify an engraved conductor score,restricted for multitracks+MIDI version; academic pledge/access request required,False
ensembleset-062-c0bfd38e0e52,62,RM-C016,RWC_MID,RWC Classical source MIDI,"Clarinet Quintet in A major, K.581. 1st mvmt.","Mozart, Wolfgang Amadeus","Cl, V1, V2, Va, Vc, Pizz",all,RWC-NAIST-jp,True,0:09:20,560,5,15:33:20,4,0:37:20,https://zenodo.org/records/7327175,https://docs.google.com/spreadsheets/d/1Trq9DVDYXseofa9iEYtMiAcrNBP6WoNBND4H3BrzUyo,Original input is MIDI or MusicXML as identified by source_code; dataset audio and included articulation MIDI are rendered/derived from that symbolic source,symbolic_chamber_ensemble_score_midi_synthetic_multitrack_audio,False,source dependent; source symbolic score exists but this metadata does not independently verify an engraved conductor score,restricted for multitracks+MIDI version; academic pledge/access request required,False
ensembleset-063-05c770ca7c5f,63,RM-C017,RWC_MID,RWC Classical source MIDI,"Clarinet Quintet in B minor, op.115. 3rd mvmt.","Brahms, Johannes","Cl, V1, V2, Va, Vc, Pizz x4",all,RWC-NAIST-jp,True,0:04:52,292,5,8:06:40,4,0:19:28,https://zenodo.org/records/7327175,https://docs.google.com/spreadsheets/d/1Trq9DVDYXseofa9iEYtMiAcrNBP6WoNBND4H3BrzUyo,Original input is MIDI or MusicXML as identified by source_code; dataset audio and included articulation MIDI are rendered/derived from that symbolic source,symbolic_chamber_ensemble_score_midi_synthetic_multitrack_audio,False,source dependent; source symbolic score exists but this metadata does not independently verify an engraved conductor score,restricted for multitracks+MIDI version; academic pledge/access request required,False
ensembleset-064-442cc66b9c21,64,RM-C019,RWC_MID,RWC Classical source MIDI,"Piano Trio no.7 in Bb major, op.97 `Archduke'. 1st mvmt.","Beethoven, Ludwig van","Piano, V1, Vc, Pizz x2","V1, Vc",RWC-NAIST-jp,True,0:09:26,566,2,6:17:20,2,0:18:52,https://zenodo.org/records/7327175,https://docs.google.com/spreadsheets/d/1Trq9DVDYXseofa9iEYtMiAcrNBP6WoNBND4H3BrzUyo,Original input is MIDI or MusicXML as identified by source_code; dataset audio and included articulation MIDI are rendered/derived from that symbolic source,symbolic_chamber_ensemble_score_midi_synthetic_multitrack_audio,False,source dependent; source symbolic score exists but this metadata does not independently verify an engraved conductor score,restricted for multitracks+MIDI version; academic pledge/access request required,False
ensembleset-065-7dcb829c5297,65,RM-C020,RWC_MID,RWC Classical source MIDI,"Piano Trio no.1 in B major, op.8. 1st mvmt.","Brahms, Johannes","Piano, V1, Vc, Pizz x2",,RWC-NAIST-jp,True,0:10:16,616,2,6:50:40,2,0:20:32,https://zenodo.org/records/7327175,https://docs.google.com/spreadsheets/d/1Trq9DVDYXseofa9iEYtMiAcrNBP6WoNBND4H3BrzUyo,Original input is MIDI or MusicXML as identified by source_code; dataset audio and included articulation MIDI are rendered/derived from that symbolic source,symbolic_chamber_ensemble_score_midi_synthetic_multitrack_audio,False,source dependent; source symbolic score exists but this metadata does not independently verify an engraved conductor score,restricted for multitracks+MIDI version; academic pledge/access request required,False
ensembleset-066-9da1c9497273,66,RM-C021,RWC_MID,RWC Classical source MIDI,"Piano Quintet in A major, op.32/D.667 `Trout'. 4th mvmt.","Schubert, Franz Peter","Piano, V1, V2, Va, Vc, CB, Pizz",,RWC-NAIST-jp,True,0:07:48,468,5,13:00:00,5,0:39:00,https://zenodo.org/records/7327175,https://docs.google.com/spreadsheets/d/1Trq9DVDYXseofa9iEYtMiAcrNBP6WoNBND4H3BrzUyo,Original input is MIDI or MusicXML as identified by source_code; dataset audio and included articulation MIDI are rendered/derived from that symbolic source,symbolic_chamber_ensemble_score_midi_synthetic_multitrack_audio,False,source dependent; source symbolic score exists but this metadata does not independently verify an engraved conductor score,restricted for multitracks+MIDI version; academic pledge/access request required,False
ensembleset-067-62913d1af5af,67,SchubertF-D703-Quartettsatz,MTP_MID,Mutopia source MIDI,Streichquartett No. 12 “Quartettsatz” in c-moll,F. Schubert,"V1, V2, Va, Vc",all,Public,True,0:09:50,590,4,13:06:40,4,0:39:20,https://zenodo.org/records/7327175,https://docs.google.com/spreadsheets/d/1Trq9DVDYXseofa9iEYtMiAcrNBP6WoNBND4H3BrzUyo,Original input is MIDI or MusicXML as identified by source_code; dataset audio and included articulation MIDI are rendered/derived from that symbolic source,symbolic_chamber_ensemble_score_midi_synthetic_multitrack_audio,False,source dependent; source symbolic score exists but this metadata does not independently verify an engraved conductor score,restricted for multitracks+MIDI version; academic pledge/access request required,False
ensembleset-068-4f8cc4c83075,68,Se_potessero,MTP_XML,Mutopia source MusicXML,"Se potessero i sospir' miei , Aria from Imeneo",G. F. Handel,"V1, V2, Va, Vc",all,CCA-SA-3.0,True,0:03:36,216,4,4:48:00,4,0:14:24,https://zenodo.org/records/7327175,https://docs.google.com/spreadsheets/d/1Trq9DVDYXseofa9iEYtMiAcrNBP6WoNBND4H3BrzUyo,Original input is MIDI or MusicXML as identified by source_code; dataset audio and included articulation MIDI are rendered/derived from that symbolic source,symbolic_chamber_ensemble_score_midi_synthetic_multitrack_audio,False,source dependent; source symbolic score exists but this metadata does not independently verify an engraved conductor score,restricted for multitracks+MIDI version; academic pledge/access request required,False
ensembleset-069-e23fef9a74c0,69,SeDelFiume,MTP_XML,Mutopia source MusicXML,"Se del fiume , Aria from Artaserse",J. A. Hasse,"V1, V2, Va, Vc",all,CCA-SA-3.0,True,0:02:25,145,4,3:13:20,4,0:09:40,https://zenodo.org/records/7327175,https://docs.google.com/spreadsheets/d/1Trq9DVDYXseofa9iEYtMiAcrNBP6WoNBND4H3BrzUyo,Original input is MIDI or MusicXML as identified by source_code; dataset audio and included articulation MIDI are rendered/derived from that symbolic source,symbolic_chamber_ensemble_score_midi_synthetic_multitrack_audio,False,source dependent; source symbolic score exists but this metadata does not independently verify an engraved conductor score,restricted for multitracks+MIDI version; academic pledge/access request required,False
ensembleset-070-a0b1a7351a75,70,Semiramide_riconosciuta,MTP_MID,Mutopia source MIDI,Semiramide riconosciuta,N. Porpora,"Tbn1, Tbn2, FH1, FH2, Ob1, Ob2, V1, V2, Va, Cb","Tpt1, Tpt2, FH1, FH2, Ob1, Ob2, V1, V2, Va",CCA-SA-3.0,True,0:02:36,156,9,7:48:00,3,0:07:48,https://zenodo.org/records/7327175,https://docs.google.com/spreadsheets/d/1Trq9DVDYXseofa9iEYtMiAcrNBP6WoNBND4H3BrzUyo,Original input is MIDI or MusicXML as identified by source_code; dataset audio and included articulation MIDI are rendered/derived from that symbolic source,symbolic_chamber_ensemble_score_midi_synthetic_multitrack_audio,False,source dependent; source symbolic score exists but this metadata does not independently verify an engraved conductor score,restricted for multitracks+MIDI version; academic pledge/access request required,False
ensembleset-071-f6bd44520939,71,SentiSeLIngannai,MTP_XML,Mutopia source MusicXML,"Senti se l'ingannai, Aria from Agrippina",N. Porpora,"V1, V2, Va, Vc",all,CCA-SA-3.0,True,0:01:37,97,4,2:09:20,4,0:06:28,https://zenodo.org/records/7327175,https://docs.google.com/spreadsheets/d/1Trq9DVDYXseofa9iEYtMiAcrNBP6WoNBND4H3BrzUyo,Original input is MIDI or MusicXML as identified by source_code; dataset audio and included articulation MIDI are rendered/derived from that symbolic source,symbolic_chamber_ensemble_score_midi_synthetic_multitrack_audio,False,source dependent; source symbolic score exists but this metadata does not independently verify an engraved conductor score,restricted for multitracks+MIDI version; academic pledge/access request required,False
ensembleset-072-d7f30d2ad43e,72,SiamNavi,MTP_XML,Mutopia source MusicXML,"Siam navi all'onde algenti, Aria from L'Olimpiade",A. Vivaldi,"V1, V2, Va, CB",all,CCA-SA-3.0,True,0:05:00,300,4,6:40:00,4,0:20:00,https://zenodo.org/records/7327175,https://docs.google.com/spreadsheets/d/1Trq9DVDYXseofa9iEYtMiAcrNBP6WoNBND4H3BrzUyo,Original input is MIDI or MusicXML as identified by source_code; dataset audio and included articulation MIDI are rendered/derived from that symbolic source,symbolic_chamber_ensemble_score_midi_synthetic_multitrack_audio,False,source dependent; source symbolic score exists but this metadata does not independently verify an engraved conductor score,restricted for multitracks+MIDI version; academic pledge/access request required,False
ensembleset-073-53665c592051,73,Sol_la_brama,MTP_XML,Mutopia source MusicXML,"Sol la brama di vendetta , Aria from Faramondo",G. F. Handel,"V1, V2, Va, CB",all,CCA-SA-3.0,True,0:03:35,215,4,4:46:40,4,0:14:20,https://zenodo.org/records/7327175,https://docs.google.com/spreadsheets/d/1Trq9DVDYXseofa9iEYtMiAcrNBP6WoNBND4H3BrzUyo,Original input is MIDI or MusicXML as identified by source_code; dataset audio and included articulation MIDI are rendered/derived from that symbolic source,symbolic_chamber_ensemble_score_midi_synthetic_multitrack_audio,False,source dependent; source symbolic score exists but this metadata does not independently verify an engraved conductor score,restricted for multitracks+MIDI version; academic pledge/access request required,False
ensembleset-074-a318c24216de,74,spring,MTP_MID,Mutopia source MIDI,La Primavera / Spring,A. Vivaldi,"VLead, V1, V2, Va, Vc","V1, V2, Va, Vc",CCA-SA-3.0,True,0:02:54,174,4,3:52:00,4,0:11:36,https://zenodo.org/records/7327175,https://docs.google.com/spreadsheets/d/1Trq9DVDYXseofa9iEYtMiAcrNBP6WoNBND4H3BrzUyo,Original input is MIDI or MusicXML as identified by source_code; dataset audio and included articulation MIDI are rendered/derived from that symbolic source,symbolic_chamber_ensemble_score_midi_synthetic_multitrack_audio,False,source dependent; source symbolic score exists but this metadata does not independently verify an engraved conductor score,restricted for multitracks+MIDI version; academic pledge/access request required,False
ensembleset-075-385e5cb26180,75,summer,MTP_MID,Mutopia source MIDI,Estate / Summer,A. Vivaldi,"VLead, V1, V2, Va, Vc","V1, V2, Va, Vc",CCA-SA-3.0,True,0:04:13,253,4,5:37:20,4,0:16:52,https://zenodo.org/records/7327175,https://docs.google.com/spreadsheets/d/1Trq9DVDYXseofa9iEYtMiAcrNBP6WoNBND4H3BrzUyo,Original input is MIDI or MusicXML as identified by source_code; dataset audio and included articulation MIDI are rendered/derived from that symbolic source,symbolic_chamber_ensemble_score_midi_synthetic_multitrack_audio,False,source dependent; source symbolic score exists but this metadata does not independently verify an engraved conductor score,restricted for multitracks+MIDI version; academic pledge/access request required,False
ensembleset-076-b23a6a8439c0,76,unknown,MTP_MID,Mutopia source MIDI,unknown,unknown,,,,False,0:04:08,248,4,5:30:40,4,0:16:32,https://zenodo.org/records/7327175,https://docs.google.com/spreadsheets/d/1Trq9DVDYXseofa9iEYtMiAcrNBP6WoNBND4H3BrzUyo,Original input is MIDI or MusicXML as identified by source_code; dataset audio and included articulation MIDI are rendered/derived from that symbolic source,symbolic_chamber_ensemble_score_midi_synthetic_multitrack_audio,False,source dependent; source symbolic score exists but this metadata does not independently verify an engraved conductor score,restricted for multitracks+MIDI version; academic pledge/access request required,False
ensembleset-077-f8661a9138b3,77,Vado_a_recar,MTP_XML,Mutopia source MusicXML,"Vado a recar la morte , Aria from Faramondo",G. F. Handel,"V1, Va, Vc",all,CCA-SA-3.0,True,0:01:19,79,3,1:19:00,3,0:03:57,https://zenodo.org/records/7327175,https://docs.google.com/spreadsheets/d/1Trq9DVDYXseofa9iEYtMiAcrNBP6WoNBND4H3BrzUyo,Original input is MIDI or MusicXML as identified by source_code; dataset audio and included articulation MIDI are rendered/derived from that symbolic source,symbolic_chamber_ensemble_score_midi_synthetic_multitrack_audio,False,source dependent; source symbolic score exists but this metadata does not independently verify an engraved conductor score,restricted for multitracks+MIDI version; academic pledge/access request required,False
ensembleset-078-0526f3f4bcfe,78,Voglio_che_sia_l_indegno,MTP_XML,Mutopia source MusicXML,"Voglio che sia l'indegno, Aria from Faramondo",G. F. Handel,"V1, V2, Va, CB",all,CCA-SA-3.0,True,0:04:46,286,4,6:21:20,4,0:19:04,https://zenodo.org/records/7327175,https://docs.google.com/spreadsheets/d/1Trq9DVDYXseofa9iEYtMiAcrNBP6WoNBND4H3BrzUyo,Original input is MIDI or MusicXML as identified by source_code; dataset audio and included articulation MIDI are rendered/derived from that symbolic source,symbolic_chamber_ensemble_score_midi_synthetic_multitrack_audio,False,source dependent; source symbolic score exists but this metadata does not independently verify an engraved conductor score,restricted for multitracks+MIDI version; academic pledge/access request required,False
ensembleset-079-1a25fedf859c,79,Voi_che_le_mie_vicende,MTP_XML,Mutopia source MusicXML,"Voi che le mie vicende, Aria from Semiramide",L. Vinci,"V1, V2, Va, CB",all,CCA-SA-3.0,True,0:01:55,115,4,2:33:20,4,0:07:40,https://zenodo.org/records/7327175,https://docs.google.com/spreadsheets/d/1Trq9DVDYXseofa9iEYtMiAcrNBP6WoNBND4H3BrzUyo,Original input is MIDI or MusicXML as identified by source_code; dataset audio and included articulation MIDI are rendered/derived from that symbolic source,symbolic_chamber_ensemble_score_midi_synthetic_multitrack_audio,False,source dependent; source symbolic score exists but this metadata does not independently verify an engraved conductor score,restricted for multitracks+MIDI version; academic pledge/access request required,False
ensembleset-080-18a1f42afdee,80,winter,MTP_MID,Mutopia source MIDI,L'Inverno / Winter,A. Vivaldi,"VLead, V1, V2, Va, Vc","V1, V2, Va, Vc",CCA-SA-3.0,True,0:01:48,108,4,2:24:00,4,0:07:12,https://zenodo.org/records/7327175,https://docs.google.com/spreadsheets/d/1Trq9DVDYXseofa9iEYtMiAcrNBP6WoNBND4H3BrzUyo,Original input is MIDI or MusicXML as identified by source_code; dataset audio and included articulation MIDI are rendered/derived from that symbolic source,symbolic_chamber_ensemble_score_midi_synthetic_multitrack_audio,False,source dependent; source symbolic score exists but this metadata does not independently verify an engraved conductor score,restricted for multitracks+MIDI version; academic pledge/access request required,False
